{"cameraMode":{"drawMode":0,"name":"Shaded","section":"Shading Mode"},"sceneLighting":false,"audioPlay":false,"sceneViewState":{"m_AlwaysRefresh":false,"showFog":true,"showSkybox":false,"showFlares":true,"showImageEffects":true,"showParticleSystems":true,"showVisualEffectGraphs":true,"m_FxEnabled":true},"in2DMode":false,"pivot":{"x":0.5377541184425354,"y":0.3348011076450348,"z":2.1975975036621095},"rotation":{"x":-0.017799684777855874,"y":0.9616132974624634,"z":-0.06413153558969498,"w":-0.2664722800254822},"size":1.732050895690918,"orthographic":false}